{
    "rmse": 0.6997664367456732,
    "mae": 0.5483192355756671,
    "r2": 0.20940776428539065
}