{
    "rmse": 0.6722155641425248,
    "mae": 0.5202122400831131,
    "r2": 0.22550586123263305
}